id,Start,End,observer,time_in_mins
1,1899-12-31 17:29:00,1899-12-31 17:41:00,Angela,12
2,1899-12-31 17:43:00,1899-12-31 17:51:00,Angela,8
3,1899-12-31 18:11:00,1899-12-31 18:39:00,Angela,28
4,1899-12-31 18:48:00,1899-12-31 19:15:00,Angela,27
5,1899-12-31 17:29:00,1899-12-31 17:41:00,Angela,12
6,1899-12-31 17:56:00,1899-12-31 18:36:00,Angela,40
7,1899-12-31 18:39:00,1899-12-31 18:48:00,Angela,9
8,1899-12-31 17:30:00,1899-12-31 17:40:00,Angela,10
9,1899-12-31 17:56:00,1899-12-31 18:36:00,Angela,40
10,1899-12-31 18:48:00,1899-12-31 19:15:00,Angela,27
11,1899-12-31 17:31:00,1899-12-31 17:52:00,Angela,21
12,1899-12-31 18:13:00,1899-12-31 18:39:00,Angela,26
13,1899-12-31 18:48:00,1899-12-31 19:15:00,Angela,27
14,1899-12-31 17:32:00,1899-12-31 17:50:00,Angela,18
15,1899-12-31 17:55:00,1899-12-31 18:19:00,Angela,24
16,1899-12-31 18:51:00,1899-12-31 19:10:00,Angela,19
17,1899-12-31 17:32:00,1899-12-31 17:50:00,Angela,18
18,1899-12-31 17:55:00,1899-12-31 18:19:00,Angela,24
19,1899-12-31 18:52:00,1899-12-31 19:10:00,Angela,18
20,1899-12-31 17:32:00,1899-12-31 17:50:00,Angela,18
21,1899-12-31 17:58:00,1899-12-31 18:33:00,Angela,35
22,1899-12-31 18:52:00,1899-12-31 19:10:00,Angela,18
23,1899-12-31 17:32:00,1899-12-31 17:50:00,Angela,18
24,1899-12-31 18:17:00,1899-12-31 18:41:00,Angela,24
25,1899-12-31 18:18:00,1899-12-31 18:38:00,Angela,20
26,1899-12-31 18:17:00,1899-12-31 18:41:00,Angela,24
27,1899-12-31 18:18:00,1899-12-31 18:41:00,Angela,23
28,1899-12-31 18:06:00,1899-12-31 18:27:00,Prar,21
29,1899-12-31 18:06:00,1899-12-31 18:54:00,Prar,48
30,1899-12-31 18:08:00,1899-12-31 18:56:00,Prar,48
31,1899-12-31 18:08:00,1899-12-31 18:32:00,Prar,24
32,1899-12-31 18:20:00,1899-12-31 18:33:00,Prar,13
33,1899-12-31 18:06:00,1899-12-31 18:29:00,Prar,23
34,1899-12-31 18:06:00,1899-12-31 18:54:00,Prar,48
35,1899-12-31 18:08:00,1899-12-31 18:39:00,Prar,31
36,1899-12-31 18:08:00,1899-12-31 18:32:00,Prar,24
37,1899-12-31 18:20:00,1899-12-31 18:43:00,Prar,23
38,1899-12-31 18:06:00,1899-12-31 18:54:00,Prar,48
39,1899-12-31 18:08:00,1899-12-31 18:56:00,Prar,48
40,1899-12-31 18:20:00,1899-12-31 18:43:00,Prar,23
41,1899-12-31 18:06:00,1899-12-31 18:54:00,Prar,48
42,1899-12-31 18:08:00,1899-12-31 18:56:00,Prar,48
43,1899-12-31 18:20:00,1899-12-31 18:48:00,Prar,28
44,1899-12-31 18:06:00,1899-12-31 18:54:00,Prar,48
45,1899-12-31 18:06:00,1899-12-31 18:56:00,Prar,50
46,1899-12-31 18:25:00,1899-12-31 18:48:00,Prar,23
47,1899-12-31 18:25:00,1899-12-31 18:48:00,Prar,23
48,1899-12-31 17:31:00,1899-12-31 17:46:00,Pooja,15
49,1899-12-31 17:36:00,1899-12-31 17:45:00,Pooja,9
50,1899-12-31 17:48:00,1899-12-31 18:18:00,Pooja,30
51,1899-12-31 17:56:00,1899-12-31 18:20:00,Pooja,24
52,1899-12-31 18:01:00,1899-12-31 18:22:00,Pooja,21
53,1899-12-31 18:13:00,1899-12-31 18:43:00,Pooja,30
54,1899-12-31 18:25:00,1899-12-31 18:55:00,Pooja,30
55,1899-12-31 18:32:00,1899-12-31 19:06:00,Pooja,34
56,1899-12-31 18:46:00,1899-12-31 19:08:00,Pooja,22
57,1899-12-31 17:31:00,1899-12-31 17:53:00,Pooja,22
58,1899-12-31 17:43:00,1899-12-31 18:18:00,Pooja,35
59,1899-12-31 17:48:00,1899-12-31 18:18:00,Pooja,30
60,1899-12-31 17:57:00,1899-12-31 18:35:00,Pooja,38
61,1899-12-31 18:04:00,1899-12-31 18:53:00,Pooja,49
62,1899-12-31 18:19:00,1899-12-31 18:47:00,Pooja,28
63,1899-12-31 18:25:00,1899-12-31 18:55:00,Pooja,30
64,1899-12-31 18:34:00,1899-12-31 18:56:00,Pooja,22
65,1899-12-31 18:48:00,1899-12-31 19:07:00,Pooja,19
66,1899-12-31 17:31:00,1899-12-31 17:45:00,Pooja,14
67,1899-12-31 17:44:00,1899-12-31 18:02:00,Pooja,18
68,1899-12-31 17:49:00,1899-12-31 18:09:00,Pooja,20
69,1899-12-31 17:58:00,1899-12-31 18:27:00,Pooja,29
70,1899-12-31 18:04:00,1899-12-31 18:50:00,Pooja,46
71,1899-12-31 18:19:00,1899-12-31 18:48:00,Pooja,29
72,1899-12-31 18:29:00,1899-12-31 18:55:00,Pooja,26
73,1899-12-31 18:34:00,1899-12-31 18:44:00,Pooja,10
74,1899-12-31 18:34:00,1899-12-31 19:07:00,Pooja,33
75,1899-12-31 17:34:00,1899-12-31 17:50:00,Pooja,16
76,1899-12-31 17:45:00,1899-12-31 18:18:00,Pooja,33
77,1899-12-31 17:54:00,1899-12-31 18:33:00,Pooja,39
78,1899-12-31 17:58:00,1899-12-31 18:27:00,Pooja,29
79,1899-12-31 18:05:00,1899-12-31 18:33:00,Pooja,28
80,1899-12-31 18:22:00,1899-12-31 18:56:00,Pooja,34
81,1899-12-31 18:30:00,1899-12-31 18:52:00,Pooja,22
82,1899-12-31 18:37:00,1899-12-31 18:44:00,Pooja,7
83,1899-12-31 18:55:00,1899-12-31 19:10:00,Pooja,15
84,1899-12-31 17:34:00,1899-12-31 18:17:00,Pooja,43
85,1899-12-31 17:46:00,1899-12-31 17:55:00,Pooja,9
86,1899-12-31 17:56:00,1899-12-31 18:20:00,Pooja,24
87,1899-12-31 17:58:00,1899-12-31 18:28:00,Pooja,30
88,1899-12-31 18:06:00,1899-12-31 18:33:00,Pooja,27
89,1899-12-31 18:24:00,1899-12-31 19:01:00,Pooja,37
90,1899-12-31 18:30:00,1899-12-31 18:55:00,Pooja,25
91,1899-12-31 18:37:00,1899-12-31 19:06:00,Pooja,29
92,1899-12-31 19:00:00,1899-12-31 19:11:00,Pooja,11
93,1899-12-31 17:34:00,1899-12-31 17:45:00,Pooja,11
94,1899-12-31 17:46:00,1899-12-31 18:36:00,Pooja,50
95,1899-12-31 17:56:00,1899-12-31 18:20:00,Pooja,24
96,1899-12-31 17:59:00,1899-12-31 18:34:00,Pooja,35
97,1899-12-31 18:10:00,1899-12-31 18:42:00,Pooja,32
98,1899-12-31 18:25:00,1899-12-31 18:55:00,Pooja,30
99,1899-12-31 18:32:00,1899-12-31 18:55:00,Pooja,23
100,1899-12-31 18:45:00,1899-12-31 19:06:00,Pooja,21
101,1899-12-31 19:00:00,1899-12-31 19:11:00,Pooja,11
102,1899-12-31 17:32:00,1899-12-31 17:50:00,Kivi,18
103,1899-12-31 17:33:00,1899-12-31 18:32:00,Kivi,59
104,1899-12-31 17:34:00,1899-12-31 18:06:00,Kivi,32
105,1899-12-31 17:38:00,1899-12-31 17:51:00,Kivi,13
106,1899-12-31 17:44:00,1899-12-31 18:31:00,Kivi,47
107,1899-12-31 17:57:00,1899-12-31 18:06:00,Kivi,9
108,1899-12-31 18:04:00,1899-12-31 18:42:00,Kivi,38
109,1899-12-31 18:04:00,1899-12-31 18:30:00,Kivi,26
110,1899-12-31 18:06:00,1899-12-31 18:42:00,Kivi,36
111,1899-12-31 18:12:00,1899-12-31 19:02:00,Kivi,50
112,1899-12-31 18:32:00,1899-12-31 18:54:00,Kivi,22
113,1899-12-31 18:37:00,1899-12-31 18:57:00,Kivi,20
114,1899-12-31 17:32:00,1899-12-31 18:02:00,Kivi,30
115,1899-12-31 17:33:00,1899-12-31 18:32:00,Kivi,59
116,1899-12-31 17:34:00,1899-12-31 18:06:00,Kivi,32
117,1899-12-31 17:55:00,1899-12-31 18:31:00,Kivi,36
118,1899-12-31 18:00:00,1899-12-31 18:42:00,Kivi,42
119,1899-12-31 18:04:00,1899-12-31 18:30:00,Kivi,26
120,1899-12-31 18:06:00,1899-12-31 18:42:00,Kivi,36
121,1899-12-31 18:14:00,1899-12-31 19:02:00,Kivi,48
122,1899-12-31 17:35:00,1899-12-31 18:02:00,Kivi,27
123,1899-12-31 17:37:00,1899-12-31 18:32:00,Kivi,55
124,1899-12-31 17:35:00,1899-12-31 17:50:00,Kivi,15
125,1899-12-31 17:37:00,1899-12-31 17:52:00,Kivi,15
126,1899-12-31 17:55:00,1899-12-31 18:31:00,Kivi,36
127,1899-12-31 18:14:00,1899-12-31 19:02:00,Kivi,48
128,1899-12-31 17:35:00,1899-12-31 18:02:00,Kivi,27
129,1899-12-31 18:14:00,1899-12-31 19:02:00,Kivi,48
130,1899-12-31 17:36:00,1899-12-31 17:52:00,Evan,16
131,1899-12-31 17:56:00,1899-12-31 18:28:00,Evan,32
132,1899-12-31 17:36:00,1899-12-31 17:52:00,Evan,16
133,1899-12-31 17:56:00,1899-12-31 18:28:00,Evan,32
134,1899-12-31 17:38:00,1899-12-31 18:04:00,Evan,26
135,1899-12-31 18:17:00,1899-12-31 18:46:00,Evan,29
136,1899-12-31 17:38:00,1899-12-31 18:04:00,Evan,26
137,1899-12-31 18:17:00,1899-12-31 18:46:00,Evan,29
138,1899-12-31 17:38:00,1899-12-31 18:04:00,Evan,26
139,1899-12-31 18:25:00,1899-12-31 18:55:00,Evan,30
140,1899-12-31 17:38:00,1899-12-31 18:20:00,Evan,42
141,1899-12-31 17:40:00,1899-12-31 17:53:00,Evan,13
142,1899-12-31 18:02:00,1899-12-31 18:25:00,Evan,23
143,1899-12-31 17:42:00,1899-12-31 17:53:00,Evan,11
144,1899-12-31 18:02:00,1899-12-31 18:25:00,Evan,23
145,1899-12-31 17:42:00,1899-12-31 17:54:00,Evan,12
146,1899-12-31 17:56:00,1899-12-31 18:18:00,Evan,22
147,1899-12-31 17:46:00,1899-12-31 17:57:00,Evan,11
148,1899-12-31 18:25:00,1899-12-31 18:55:00,Evan,30
149,1899-12-31 17:46:00,1899-12-31 17:57:00,Evan,11
150,1899-12-31 18:05:00,1899-12-31 18:41:00,Evan,36
151,1899-12-31 17:46:00,1899-12-31 18:04:00,Evan,18
152,1899-12-31 18:06:00,1899-12-31 18:41:00,Evan,35
153,1899-12-31 17:46:00,1899-12-31 18:20:00,Evan,34
154,1899-12-31 17:52:00,1899-12-31 18:02:00,Evan,10
155,1899-12-31 18:02:00,1899-12-31 18:25:00,Evan,23
156,1899-12-31 17:49:00,1899-12-31 18:09:00,Eric,20
157,1899-12-31 18:11:00,1899-12-31 18:32:00,Eric,21
158,1899-12-31 18:36:00,1899-12-31 19:01:00,Eric,25
159,1899-12-31 17:50:00,1899-12-31 18:03:00,Eric,13
160,1899-12-31 18:04:00,1899-12-31 18:26:00,Eric,22
161,1899-12-31 18:26:00,1899-12-31 18:54:00,Eric,28
162,1899-12-31 17:50:00,1899-12-31 18:16:00,Eric,26
163,1899-12-31 18:16:00,1899-12-31 18:40:00,Eric,24
164,1899-12-31 17:50:00,1899-12-31 18:05:00,Eric,15
165,1899-12-31 18:08:00,1899-12-31 18:36:00,Eric,28
166,1899-12-31 18:36:00,1899-12-31 18:55:00,Eric,19
167,1899-12-31 17:53:00,1899-12-31 18:31:00,Eric,38
168,1899-12-31 18:32:00,1899-12-31 18:41:00,Eric,9
169,1899-12-31 18:41:00,1899-12-31 19:03:00,Eric,22
170,1899-12-31 17:55:00,1899-12-31 18:22:00,Eric,27
171,1899-12-31 18:22:00,1899-12-31 18:50:00,Eric,28
172,1899-12-31 17:35:00,1899-12-31 17:45:00,Prajwal,10
173,1899-12-31 17:53:00,1899-12-31 18:18:00,Prajwal,25
174,1899-12-31 17:55:00,1899-12-31 18:06:00,Prajwal,11
175,1899-12-31 18:21:00,1899-12-31 18:43:00,Prajwal,22
176,1899-12-31 18:27:00,1899-12-31 19:09:00,Prajwal,42
177,1899-12-31 18:55:00,1899-12-31 19:17:00,Prajwal,22
178,1899-12-31 18:56:00,1899-12-31 19:18:00,Prajwal,22
179,1899-12-31 17:36:00,1899-12-31 17:46:00,Prajwal,10
180,1899-12-31 17:53:00,1899-12-31 18:18:00,Prajwal,25
181,1899-12-31 17:57:00,1899-12-31 18:06:00,Prajwal,9
182,1899-12-31 18:21:00,1899-12-31 18:43:00,Prajwal,22
183,1899-12-31 18:27:00,1899-12-31 19:09:00,Prajwal,42
184,1899-12-31 18:55:00,1899-12-31 19:17:00,Prajwal,22
185,1899-12-31 17:36:00,1899-12-31 18:06:00,Prajwal,30
186,1899-12-31 17:53:00,1899-12-31 18:17:00,Prajwal,24
187,1899-12-31 17:57:00,1899-12-31 18:06:00,Prajwal,9
188,1899-12-31 18:27:00,1899-12-31 19:09:00,Prajwal,42
189,1899-12-31 17:36:00,1899-12-31 18:06:00,Prajwal,30
190,1899-12-31 18:18:00,1899-12-31 18:38:00,Prajwal,20
191,1899-12-31 17:37:00,1899-12-31 18:17:00,Prajwal,40
192,1899-12-31 18:18:00,1899-12-31 18:38:00,Prajwal,20
193,1899-12-31 17:37:00,1899-12-31 18:17:00,Prajwal,40
194,1899-12-31 17:34:00,1899-12-31 17:52:00,Sam,18
195,1899-12-31 17:56:00,1899-12-31 18:53:00,Sam,57
196,1899-12-31 18:30:00,1899-12-31 18:43:00,Sam,13
197,1899-12-31 17:34:00,1899-12-31 17:52:00,Sam,18
198,1899-12-31 18:14:00,1899-12-31 18:53:00,Sam,39
199,1899-12-31 18:05:00,1899-12-31 18:53:00,Sam,48
200,1899-12-31 17:34:00,1899-12-31 17:52:00,Sam,18
201,1899-12-31 17:58:00,1899-12-31 18:44:00,Sam,46
202,1899-12-31 18:19:00,1899-12-31 19:00:00,Sam,41
203,1899-12-31 17:51:00,1899-12-31 18:24:00,Sam,33
204,1899-12-31 17:42:00,1899-12-31 18:24:00,Sam,42
205,1899-12-31 18:19:00,1899-12-31 19:00:00,Sam,41
206,1899-12-31 18:32:00,1899-12-31 19:00:00,Sam,28
